{"cameraMode":{"drawMode":0,"name":"Shaded","section":"Shading Mode"},"sceneLighting":true,"audioPlay":false,"sceneViewState":{"m_AlwaysRefresh":false,"showFog":true,"showSkybox":true,"showFlares":true,"showImageEffects":true,"showParticleSystems":true,"showVisualEffectGraphs":true,"m_FxEnabled":true},"in2DMode":false,"pivot":{"x":6.215587615966797,"y":-18.09740447998047,"z":14.115486145019532},"rotation":{"x":0.004201692994683981,"y":-0.8993622064590454,"z":0.4371030330657959,"w":0.008644322864711285},"size":39.56711196899414,"orthographic":false}