{"cameraMode":{"drawMode":0,"name":"Shaded","section":"Shading Mode"},"sceneLighting":true,"audioPlay":false,"sceneViewState":{"m_AlwaysRefresh":false,"showFog":true,"showSkybox":true,"showFlares":true,"showImageEffects":true,"showParticleSystems":true,"showVisualEffectGraphs":true,"m_FxEnabled":true},"in2DMode":false,"pivot":{"x":-0.3339851498603821,"y":-5.159780502319336,"z":-1.363869071006775},"rotation":{"x":0.7081630825996399,"y":-0.002118130214512348,"z":0.002124499063938856,"w":0.706041693687439},"size":14.474596977233887,"orthographic":false}