{"cameraMode":{"drawMode":0,"name":"Shaded","section":"Shading Mode"},"sceneLighting":true,"audioPlay":false,"sceneViewState":{"m_AlwaysRefresh":false,"showFog":true,"showSkybox":true,"showFlares":true,"showImageEffects":true,"showParticleSystems":true,"showVisualEffectGraphs":true,"m_FxEnabled":true},"in2DMode":false,"pivot":{"x":0.6751479506492615,"y":102.07160949707031,"z":2.626966714859009},"rotation":{"x":0.7102806568145752,"y":-0.0010558759095147253,"z":0.0010654221987351776,"w":0.7039164900779724},"size":29.595138549804689,"orthographic":true}